id,category
265914,droga
265843,furto
50047,aggressione
49562,aggressione
332953,furto
2384560,furto
83142,furto
83239,furto
49632,furto
1082380,droga
363471,furto
48763,droga
48530,spaccio
82893,truffa
48510,furto
49672,truffa
2548093,aggressione
49817,furto
49172,sequestro
48322,aggressione
48531,sequestro
50391,sequestro
49662,furto
363675,furto
265989,rapina
50152,furto
284087,aggressione
49855,droga
316187,furto
49804,furto
83257,furto
49343,rapina
49304,furto
332948,furto
363491,truffa
363539,omicidio
2777276,rapina
332606,omicidio
49165,omicidio
1849497,furto
49134,furto
82888,aggressione
400999,furto
48928,furto
49001,droga
265708,droga
48200,rapina
265860,truffa
283686,spaccio
60493,droga
48263,furto
284033,truffa
48670,furto
1787742,furto
48961,furto
48561,rapina
50233,furto
49127,furto
83189,furto
3170747,spaccio
2669690,droga
50097,truffa
332933,rapina
283707,droga
48913,furto
363574,omicidio
83116,aggressione
265945,furto
49873,spaccio
60514,droga
332770,furto
48450,furto
363805,furto
332678,furto
284074,furto
332609,droga
265728,droga
82688,furto
48602,droga
283738,furto
49586,furto
48437,droga
265608,furto
333053,spaccio
48366,truffa
283761,furto
82627,furto
49062,rapina
48696,spaccio
49904,droga
48514,furto
49667,rapina
2241958,furto
363430,droga
82967,aggressione
48242,spaccio
283626,furto
49090,furto
60494,furto
48863,furto
265955,rapina
284209,furto
1082393,spaccio
2781235,rapina
48639,aggressione
229373,spaccio
48671,sequestro
284044,rapina
50326,furto
363451,omicidio
265802,furto
332854,sequestro
49779,furto
332824,droga
283620,droga
332759,truffa
363545,droga
265799,furto
48374,omicidio
48850,droga
332507,furto
49119,furto
400897,furto
284152,furto
50087,furto
83215,droga
48620,truffa
49985,furto
332945,furto
1082255,furto
82868,furto
49144,aggressione
265790,furto
265856,furto
265606,furto
332472,rapina
284098,spaccio
82931,furto
265919,aggressione
49655,furto
83159,furto
82586,truffa
229383,furto
284079,aggressione
82911,furto
82958,spaccio
332470,spaccio
48307,furto
49733,spaccio
82478,rapina
49814,droga
333012,spaccio
265829,sequestro
49060,furto
48550,truffa
83207,rapina
49397,spaccio
82878,furto
332591,furto
83132,aggressione
49205,furto
2770496,droga
400991,rapina
49627,furto
2123844,aggressione
48262,furto
83241,droga
1504382,furto
229414,furto
49686,rapina
324261,furto
265751,spaccio
283985,droga
82806,droga
48479,furto
49500,furto
82927,furto
60498,spaccio
363586,furto
48770,rapina
48268,spaccio
332635,droga
363735,furto
82581,furto
332661,sequestro
49241,spaccio
49973,furto
265772,rapina
332693,furto
49508,droga
48241,droga
48970,rapina
333045,spaccio
50074,rapina
332682,furto
82771,spaccio
83021,furto
48559,spaccio
332846,furto
48415,furto
305206,droga
400858,furto
48220,droga
265619,furto
363738,droga
265933,furto
283954,truffa
48153,furto
50101,furto
332832,sequestro
265750,furto
49296,rapina
1804812,furto
60495,rapina
284130,droga
83293,furto
82750,rapina
265819,rapina
1082299,droga
400848,aggressione
265842,furto
1082408,rapina
83190,furto
48728,furto
1082319,sequestro
60473,spaccio
49889,furto
49412,furto
48715,furto
49864,droga
48501,rapina
82810,furto
48574,truffa
412938,rapina
48706,furto
82660,truffa
333132,droga
83083,droga
363507,rapina
363689,droga
49135,droga
400955,furto
2161109,truffa
363809,furto
82626,furto
284063,furto
49386,rapina
283960,furto
49642,rapina
60511,furto
49654,furto
283961,rapina
83221,omicidio
332443,furto
332764,spaccio
82665,sequestro
283727,truffa
83222,furto
1500890,spaccio
332723,spaccio
265862,truffa
332941,rapina
2551590,truffa
363610,furto
363457,aggressione
83158,furto
48625,furto
332908,furto
332523,rapina
83056,furto
332681,droga
305201,spaccio
265956,furto
82808,furto
265986,furto
49104,spaccio
48822,rapina
283943,droga
48300,spaccio
83052,furto
49512,furto
49563,furto
48160,aggressione
363480,sequestro
48861,droga
363512,furto
332622,furto
50309,spaccio
332468,truffa
283923,droga
49841,furto
400895,sequestro
48276,rapina
48429,aggressione
82936,droga
83305,furto
229369,furto
1082351,furto
332747,furto
49801,droga
82934,aggressione
48243,furto
82554,spaccio
363637,furto
1574960,droga
332960,furto
82559,furto
333001,truffa
332595,furto
50166,truffa
48312,omicidio
363415,aggressione
400992,spaccio
265782,truffa
49360,furto
48379,furto
265670,furto
48926,furto
49725,droga
48797,furto
1538686,sequestro
1082409,furto
229361,maltrattamento
82486,droga
400860,rapina
400942,droga
229367,aggressione
83308,furto
49453,droga
283604,furto
48355,droga
332636,droga
2864607,omicidio
363728,spaccio
283846,furto
2489119,violenza sessuale
1048110,furto
284208,furto
48527,spaccio
49170,furto
332690,droga
50294,truffa
50338,furto
283800,furto
48831,furto
49863,droga
49423,rapina
283828,furto
49054,droga
363511,aggressione
49616,furto
49083,rapina
83147,droga
48265,furto
333150,rapina
3064010,furto
82980,spaccio
82945,furto
265741,truffa
82719,droga
48740,spaccio
283584,furto
283679,aggressione
82963,furto
363496,furto
284051,furto
49610,furto
50402,furto
50257,aggressione
333114,furto
2327481,furto
283921,droga
2502912,furto
48853,furto
49724,furto
82686,sequestro
1497324,furto
83003,furto
49619,furto
48592,omicidio
60515,droga
48540,droga
332451,furto
50168,truffa
48365,furto
332848,aggressione
49027,furto
332891,furto
49767,spaccio
48317,spaccio
49666,furto
284123,spaccio
1082424,furto
332980,aggressione
49668,spaccio
283869,spaccio
265981,furto
283611,truffa
332977,furto
82696,spaccio
1082278,aggressione
333073,droga
332778,furto
83135,furto
49370,furto
83277,furto
400888,furto
49364,aggressione
2766003,furto
2716664,furto
2989361,truffa
2778735,furto
363794,furto
60500,droga
82595,spaccio
49790,furto
82766,aggressione
49450,droga
332810,rapina
49161,furto
265853,rapina
48235,aggressione
48900,maltrattamento
49096,furto
333082,rapina
1082403,spaccio
284120,furto
363608,droga
1858164,droga
50282,aggressione
229397,sequestro
3219515,furto
2147514,furto
400944,furto
332602,furto
2226500,furto
283782,spaccio
82971,droga
2178234,furto
50206,rapina
400931,truffa
363683,furto
265662,furto
50160,aggressione
400851,furto
48534,droga
83149,truffa
332938,furto
49396,furto
332830,aggressione
229382,furto
82632,furto
48553,spaccio
363709,furto
48418,droga
49932,furto
363395,omicidio
50232,truffa
83248,droga
83269,droga
48254,spaccio
1082284,furto
1082241,aggressione
265640,spaccio
284101,furto
48922,omicidio
50355,furto
332879,spaccio
49022,furto
1598524,furto
48536,spaccio
332490,truffa
48929,spaccio
49101,truffa
48328,furto
48434,furto
1082391,spaccio
363466,furto
3118467,droga
1082267,truffa
265835,furto
49636,furto
1574961,furto
363505,furto
333028,omicidio
50401,droga
82592,furto
332445,rapina
48598,truffa
82749,droga
332576,droga
332746,droga
60521,truffa
49407,rapina
60492,furto
332478,furto
49728,truffa
229420,furto
1082330,furto
48256,rapina
49720,furto
1048119,rapina
83310,droga
332903,spaccio
48971,furto
48907,furto
1724664,furto
49052,droga
332498,droga
83238,aggressione
284193,aggressione
363600,spaccio
401007,droga
2844407,truffa
48631,droga
82556,rapina
82947,furto
49718,furto
82735,furto
332700,furto
332740,furto
332820,rapina
50133,furto
49927,furto
1048104,furto
48892,furto
332713,furto
83262,furto
363645,droga
49640,furto
400950,furto
284062,spaccio
363690,sequestro
283784,rapina
332822,droga
82920,rapina
83102,furto
284017,droga
49695,spaccio
49298,furto
48952,maltrattamento
50000,droga
49591,truffa
2644464,rapina
363763,droga
332552,spaccio
48219,furto
82943,truffa
1056116,furto
83211,aggressione
265675,aggressione
265960,rapina
82929,maltrattamento
283741,droga
363558,furto
363621,aggressione
48885,spaccio
50292,spaccio
363601,spaccio
48985,furto
265996,maltrattamento
283873,sequestro
1093489,spaccio
265861,furto
3073348,furto
49297,truffa
363498,furto
363700,furto
48558,furto
363484,omicidio
2739982,spaccio
82635,furto
50296,droga
265754,furto
49034,omicidio
49617,furto
48655,spaccio
48938,rapina
400885,furto
48868,rapina
332899,aggressione
324270,spaccio
48332,furto
265594,furto
82930,rapina
1082286,sequestro
82772,spaccio
83267,furto
48310,spaccio
332735,furto
265779,rapina
49701,aggressione
83077,spaccio
283813,truffa
83081,furto
50406,furto
49952,aggressione
363723,omicidio
265841,furto
283723,aggressione
50219,truffa
49951,furto
363453,droga
332449,furto
82891,furto
49050,spaccio
332838,furto
48506,droga
1968955,rapina
48893,rapina
48891,sequestro
48341,spaccio
49648,furto
229415,truffa
283708,furto
48376,droga
48635,maltrattamento
50194,omicidio
48439,furto
48320,droga
49862,furto
283929,evasione
50023,rapina
50202,rapina
49009,droga
48288,droga
265659,furto
82863,furto
283678,aggressione
1048100,furto
332447,spaccio
284200,spaccio
400882,rapina
363630,omicidio
284178,furto
49129,droga
1082374,furto
49525,furto
265973,spaccio
50230,aggressione
332767,furto
82782,aggressione
49780,furto
49465,rapina
49908,truffa
49434,spaccio
48421,rapina
82842,spaccio
48269,truffa
82511,furto
363767,furto
83084,furto
332981,furto
333004,omicidio
283910,truffa
283692,droga
265748,furto
48504,droga
82732,rapina
50017,rapina
48855,furto
82733,droga
229418,furto
48138,furto
49087,spaccio
48964,sequestro
363524,furto
82491,spaccio
49665,rapina
2551589,furto
49905,furto
49196,furto
283927,furto
49372,aggressione
284195,spaccio
265974,rapina
400918,truffa
332914,spaccio
265683,furto
82835,droga
50253,furto
49802,truffa
229379,rapina
49413,furto
49498,droga
50350,furto
48464,omicidio
265891,spaccio
48672,rapina
49100,furto
400908,spaccio
400994,furto
48161,furto
60553,furto
305190,furto
49404,truffa
48404,droga
363812,truffa
332737,droga
49197,truffa
82593,furto
50038,furto
1478518,omicidio
50111,rapina
49971,furto
50349,furto
2083412,droga
1082402,omicidio
265702,aggressione
48226,droga
49049,furto
83166,spaccio
2504416,furto
283752,furto
83289,omicidio
265629,rapina
49867,truffa
283907,furto
82603,spaccio
363788,spaccio
48957,furto
49573,furto
1082300,furto
49935,droga
49870,spaccio
265596,furto
363416,furto
49883,droga
60537,furto
48358,aggressione
49888,furto
284070,spaccio
50058,droga
50002,furto
400975,furto
50077,aggressione
332517,furto
49602,droga
305164,rapina
49514,furto
332671,truffa
50069,furto
82761,droga
1082416,droga
49476,furto
363663,droga
333093,furto
2371196,rapina
49445,droga
83154,spaccio
283918,truffa
50404,furto
2520294,truffa
265758,truffa
82894,furto
49552,furto
48211,furto
283737,furto
48889,droga
49575,spaccio
332855,furto
83055,aggressione
50348,truffa
305159,truffa
283801,furto
400911,droga
363546,aggressione
333063,rapina
49418,aggressione
1082356,droga
265940,droga
50328,droga
48876,sequestro
265705,furto
2909005,furto
50324,furto
1082275,aggressione
60530,rapina
363759,droga
333143,aggressione
48192,furto
305195,aggressione
401011,aggressione
363614,droga
332460,truffa
49557,furto
363584,rapina
1082248,furto
49803,droga
82667,furto
1692996,furto
48390,aggressione
332525,aggressione
49243,furto
2036606,furto
48845,rapina
283865,droga
82550,furto
82767,furto
83060,spaccio
363429,spaccio
82791,furto
49646,rapina
48301,omicidio
82998,droga
83245,droga
1787248,spaccio
401009,droga
1082274,droga
284172,truffa
265712,furto
2830911,furto
48408,droga
2473596,furto
305178,spaccio
48771,furto
49934,truffa
332958,aggressione
49041,omicidio
265920,omicidio
400961,furto
49490,truffa
49747,droga
48461,truffa
363557,furto
2568871,furto
48741,spaccio
48367,furto
400967,truffa
49084,maltrattamento
50116,furto
50352,spaccio
363803,furto
283744,furto
83002,droga
50217,droga
49844,furto
2575609,truffa
49529,furto
283594,aggressione
283602,rapina
82610,furto
49831,spaccio
1964534,truffa
48444,omicidio
48819,omicidio
50141,droga
50363,furto
1056110,droga
229378,furto
49906,sequestro
2001348,droga
82770,truffa
332850,furto
283729,furto
283659,furto
265706,furto
283616,omicidio
333085,sequestro
83271,furto
49702,rapina
265753,furto
49335,omicidio
82742,droga
332749,furto
283734,furto
333116,furto
49620,furto
83000,furto
333086,aggressione
1082423,spaccio
229354,furto
49885,furto
82838,aggressione
401006,furto
363398,droga
82562,aggressione
284111,furto
50025,rapina
49204,droga
48279,aggressione
283987,rapina
48183,truffa
48677,furto
332950,furto
49371,truffa
83270,furto
265698,maltrattamento
283589,furto
363472,spaccio
332632,spaccio
48357,aggressione
49762,spaccio
332554,furto
265639,spaccio
283998,droga
363684,aggressione
284114,furto
283973,droga
332643,furto
48991,droga
48700,sequestro
229371,furto
49606,aggressione
284018,furto
82884,sequestro
332570,furto
50001,truffa
82517,furto
48832,rapina
283925,furto
1082373,truffa
48646,maltrattamento
283848,droga
48644,rapina
229352,furto
363550,sequestro
49897,aggressione
49190,furto
83075,spaccio
1082243,furto
48513,evasione
283670,spaccio
48958,droga
283857,furto
48372,furto
48811,furto
82970,furto
49628,droga
332585,furto
82822,furto
48716,omicidio
332508,furto
332874,spaccio
1082353,spaccio
48630,omicidio
333022,furto
2800745,spaccio
82716,furto
2271597,spaccio
50357,spaccio
332649,furto
49383,droga
283660,furto
82634,rapina
49111,truffa
82567,droga
283698,furto
332532,furto
49671,spaccio
82533,furto
49791,aggressione
1082407,furto
283644,rapina
283953,spaccio
283590,furto
333092,aggressione
265894,droga
48732,furto
332685,droga
1048089,furto
284189,droga
48834,furto
265859,aggressione
49531,omicidio
48633,sequestro
1082329,spaccio
332642,rapina
83005,furto
265774,droga
83193,droga
363447,aggressione
50393,droga
333041,truffa
333054,furto
50175,truffa
283625,aggressione
48886,spaccio
332571,furto
283646,maltrattamento
400981,omicidio
1082400,rapina
48369,droga
49319,aggressione
49737,droga
332482,furto
283947,furto
333113,droga
48303,furto
283768,droga
332561,furto
332598,furto
50399,aggressione
48745,sequestro
83143,droga
60471,spaccio
48983,furto
49996,aggressione
50138,rapina
1503767,furto
1082338,furto
83049,aggressione
49504,furto
49585,sequestro
332484,aggressione
363696,rapina
60522,droga
2224941,sequestro
48940,aggressione
333020,furto
49980,rapina
82976,truffa
49689,aggressione
265627,aggressione
60496,droga
49478,truffa
82982,rapina
82563,rapina
48507,furto
49487,furto
1082369,droga
83101,furto
333019,rapina
48566,furto
82948,furto
332646,omicidio
2765171,sequestro
284125,sequestro
50313,furto
82543,droga
1082321,furto
332630,truffa
363604,furto
83038,truffa
2282899,furto
60533,truffa
363807,furto
48277,aggressione
332897,spaccio
49742,furto
284099,truffa
49474,furto
283722,furto
363691,furto
49749,spaccio
363736,spaccio
283827,droga
1521241,furto
2671968,spaccio
48142,furto
400853,furto
83047,spaccio
400869,droga
363575,spaccio
48223,furto
1048121,aggressione
332837,spaccio
48474,rapina
265855,aggressione
48201,rapina
284143,truffa
283956,spaccio
363599,sequestro
2648832,maltrattamento
83057,rapina
48931,furto
363795,furto
1082242,droga
48583,aggressione
363423,furto
60528,droga
332499,furto
83202,aggressione
265950,furto
49850,omicidio
363510,aggressione
363432,truffa
265722,furto
49282,furto
83080,furto
49092,furto
1082250,furto
265679,spaccio
2661132,rapina
363770,droga
265780,spaccio
49225,droga
400974,furto
283794,aggressione
48381,spaccio
284137,spaccio
48286,furto
1787249,spaccio
332677,sequestro
49608,furto
82673,furto
49056,furto
48589,furto
283815,furto
48882,spaccio
283826,furto
265707,furto
83278,furto
49258,furto
49033,furto
48547,furto
50062,furto
50281,aggressione
2320568,sequestro
1082345,furto
83217,rapina
49452,furto
283895,furto
82670,droga
332476,furto
284032,furto
265947,furto
400953,droga
49713,furto
1082285,furto
49215,furto
400905,spaccio
332989,furto
324262,furto
49075,furto
82577,aggressione
363729,droga
82925,droga
50248,furto
49997,spaccio
48167,furto
50200,truffa
48878,furto
83170,droga
1056115,furto
363814,furto
49420,truffa
48399,furto
400985,droga
82758,furto
332665,maltrattamento
48709,aggressione
48647,furto
49931,spaccio
50131,furto
332994,aggressione
265898,furto
332801,furto
83213,furto
49358,furto
363650,droga
49267,spaccio
265991,spaccio
2764215,furto
400916,aggressione
363578,spaccio
50223,furto
60469,spaccio
283721,furto
48778,furto
48344,furto
49366,furto
82706,droga
48282,spaccio
49604,furto
82961,rapina
363573,furto
60554,furto
48739,furto
50340,furto
283622,sequestro
283896,spaccio
283949,furto
333097,omicidio
265812,droga
332935,furto
1606025,spaccio
83059,droga
48638,omicidio
265988,omicidio
333154,droga
48844,furto
48766,droga
82987,truffa
332600,furto
284069,furto
49389,furto
50274,aggressione
48252,spaccio
332754,furto
229384,furto
265723,furto
265936,truffa
265736,furto
363758,furto
2709922,furto
48949,rapina
48854,furto
2342619,furto
283614,spaccio
82579,aggressione
82621,furto
2919290,omicidio
48188,droga
83191,omicidio
2875325,spaccio
83093,rapina
50359,furto
283795,truffa
82540,furto
83163,aggressione
332883,furto
48424,furto
363749,furto
283835,droga
400901,droga
48668,spaccio
363445,spaccio
50249,droga
50082,droga
332964,spaccio
60532,furto
50105,rapina
49198,spaccio
49093,furto
2861304,maltrattamento
83013,droga
50192,furto
332524,droga
83272,furto
50360,furto
49786,furto
48705,furto
49480,furto
332673,rapina
1082417,truffa
363607,omicidio
82519,furto
400995,droga
50060,furto
48725,aggressione
332975,furto
332751,furto
49537,furto
48296,furto
283700,aggressione
49770,furto
400923,rapina
83134,furto
363561,spaccio
265727,furto
332996,rapina
83168,rapina
49110,furto
83031,furto
333059,furto
83226,furto
2399925,droga
60529,spaccio
49088,furto
265847,aggressione
49315,furto
50118,aggressione
50107,droga
283832,aggressione
332924,furto
82812,furto
49081,droga
2756931,spaccio
229391,aggressione
83117,omicidio
283628,aggressione
332959,furto
283974,rapina
284019,furto
265863,omicidio
49378,furto
2675164,furto
49823,furto
265599,furto
49682,truffa
49615,furto
332709,droga
83300,furto
82962,furto
265720,furto
82926,furto
1082306,furto
48994,furto
50201,furto
363530,furto
60559,spaccio
49877,furto
82901,spaccio
284053,furto
82818,furto
49332,spaccio
1747160,spaccio
48909,droga
1093497,aggressione
83041,aggressione
49871,furto
50079,truffa
48787,rapina
82616,rapina
48849,rapina
363609,furto
49265,aggressione
82507,droga
50093,rapina
284201,furto
265746,droga
283621,furto
1082290,spaccio
283791,furto
48383,furto
265923,omicidio
83042,aggressione
400971,furto
265604,aggressione
1082252,furto
48679,spaccio
229365,rapina
49933,aggressione
82827,furto
82851,spaccio
48221,furto
332748,furto
60466,rapina
283705,aggressione
50321,spaccio
3061121,furto
49734,droga
48215,rapina
332533,aggressione
82780,droga
229390,rapina
332612,aggressione
50151,omicidio
49350,spaccio
50365,furto
49837,furto
82898,furto
1082297,furto
48596,rapina
283841,droga
48172,sequestro
48378,sequestro
332793,droga
284213,furto
1082240,aggressione
1082289,spaccio
48225,droga
83321,truffa
363486,droga
333131,rapina
265893,omicidio
48826,droga
49707,droga
48743,aggressione
2594268,spaccio
265995,aggressione
50088,furto
60550,droga
82551,furto
49544,droga
333119,rapina
49308,droga
49727,furto
50162,omicidio
284175,furto
265672,rapina
49603,spaccio
48747,furto
49598,furto
332573,truffa
48457,furto
283596,furto
50154,furto
50128,furto
1082277,furto
82774,furto
60501,furto
1082328,spaccio
49673,truffa
2668485,furto
83066,rapina
265964,spaccio
48248,rapina
50280,spaccio
49963,droga
265942,furto
48482,spaccio
265885,spaccio
49008,droga
333108,truffa
324257,spaccio
49195,truffa
333043,furto
50405,truffa
284168,spaccio
48595,droga
1478519,rapina
332572,furto
49812,furto
49826,truffa
49109,furto
229357,spaccio
1082357,droga
48563,furto
50196,spaccio
265680,furto
49141,aggressione
83155,maltrattamento
48968,furto
333015,spaccio
48405,truffa
49249,furto
83316,sequestro
60535,truffa
332856,furto
363781,furto
48171,truffa
284089,sequestro
283875,rapina
3231550,furto
363499,furto
48542,furto
49021,furto
48765,spaccio
49183,spaccio
48515,aggressione
284162,rapina
1742982,rapina
363659,furto
82874,spaccio
82666,rapina
363519,rapina
50320,furto
332562,furto
332955,truffa
363488,spaccio
82809,aggressione
50085,spaccio
48704,furto
82526,omicidio
82880,omicidio
49151,sequestro
1699701,furto
83187,aggressione
49173,furto
49208,furto
82915,furto
49318,rapina
48244,omicidio
82869,rapina
49658,furto
48840,truffa
2738086,furto
49949,droga
332907,spaccio
48324,furto
48750,furto
363792,furto
283900,furto
48266,furto
48652,furto
48989,furto
284127,droga
83010,furto
49912,rapina
82697,truffa
1672720,spaccio
363699,droga
265711,spaccio
82890,furto
49530,furto
284113,truffa
48291,droga
49582,furto
82921,furto
50252,spaccio
49901,rapina
82789,droga
332596,violenza sessuale
49721,truffa
49481,furto
1884764,furto
49094,aggressione
49344,droga
82801,spaccio
283971,rapina
49017,truffa
283719,furto
60482,furto
49874,sequestro
265589,furto
50012,rapina
363454,furto
50331,droga
82723,maltrattamento
305192,truffa
48537,sequestro
49403,rapina
363500,furto
49447,maltrattamento
333144,furto
49133,droga
265667,furto
265844,truffa
2834299,truffa
82693,spaccio
333139,furto
363670,furto
49641,rapina
332857,rapina
265854,furto
363401,spaccio
265602,furto
332531,furto
83160,spaccio
332712,furto
49545,spaccio
283753,spaccio
284034,furto
83111,spaccio
333088,furto
48564,furto
265935,truffa
48198,furto
283838,spaccio
48658,rapina
229380,omicidio
82744,droga
332947,furto
60489,spaccio
49291,furto
1082381,furto
363789,furto
49406,furto
265719,truffa
283656,furto
83161,aggressione
332521,furto
83219,furto
82729,furto
48694,furto
48675,furto
49683,rapina
48933,furto
50032,spaccio
284204,droga
48919,droga
363643,spaccio
49843,omicidio
332465,truffa
283806,furto
50110,aggressione
82523,furto
50112,spaccio
50205,furto
49281,furto
1933308,rapina
332637,droga
324258,furto
49950,aggressione
48873,furto
1082296,furto
49080,aggressione
49736,spaccio
363753,furto
363713,furto
2154311,furto
48808,furto
284183,truffa
1082245,truffa
82975,aggressione
265926,furto
48293,spaccio
284103,furto
49428,aggressione
305185,furto
48988,aggressione
82529,droga
82730,furto
49164,droga
50080,droga
1890200,furto
48942,truffa
49580,spaccio
332537,furto
2374755,furto
48455,spaccio
363396,furto
400970,maltrattamento
60531,sequestro
49892,furto
333122,omicidio
50269,rapina
48411,rapina
83320,furto
2122771,furto
48549,furto
49876,furto
49637,droga
49337,spaccio
82574,furto
48213,truffa
48396,furto
332493,rapina
49048,rapina
2602067,droga
283724,furto
284135,aggressione
49306,furto
363725,droga
265749,droga
48169,truffa
60546,truffa
1630815,droga
48229,omicidio
82864,aggressione
48943,spaccio
82902,truffa
49188,furto
2489118,truffa
229406,sequestro
332872,droga
49029,aggressione
48697,droga
1048103,droga
363816,sequestro
363784,furto
265762,furto
82587,furto
49232,spaccio
283592,furto
1082378,furto
48581,aggressione
284155,furto
50084,furto
229362,truffa
83082,droga
332744,rapina
48488,furto
49903,spaccio
1082405,droga
2668487,droga
1082372,furto
3046627,furto
48318,droga
82591,omicidio
265910,furto
283776,spaccio
82477,furto
49239,furto
2787435,spaccio
400987,aggressione
48659,truffa
83150,rapina
332586,droga
2273308,droga
82499,sequestro
332467,furto
49147,droga
284191,furto
363582,furto
82689,spaccio
60541,droga
49273,furto
2204608,truffa
49206,furto
400868,droga
400873,furto
49805,furto
401013,spaccio
1531521,droga
332485,omicidio
82644,furto
50407,aggressione
283647,spaccio
1082327,aggressione
49571,droga
283603,truffa
1082383,droga
283751,furto
265681,aggressione
50104,furto
49975,furto
49626,aggressione
50029,furto
83302,furto
332799,truffa
49583,droga
82881,omicidio
48544,truffa
82860,furto
49000,droga
48657,truffa
363419,aggressione
83106,omicidio
2523787,droga
49685,aggressione
49691,aggressione
400934,spaccio
2012260,omicidio
82685,furto
50061,rapina
49278,furto
283788,furto
50315,droga
1048090,rapina
229405,furto
332861,rapina
48567,aggressione
50140,furto
48864,droga
82903,furto
48584,spaccio
1082295,furto
283623,aggressione
284061,droga
283631,rapina
284001,furto
49999,furto
49437,furto
60503,furto
283599,furto
283986,truffa
82999,furto
363520,furto
265918,spaccio
82668,furto
48218,aggressione
49776,furto
265848,furto
283671,spaccio
49071,droga
82704,truffa
48866,spaccio
49621,furto
49815,furto
82515,furto
49856,furto
49589,truffa
1672722,truffa
50251,spaccio
49795,furto
265587,furto
333064,omicidio
82629,sequestro
333141,truffa
284112,rapina
412944,furto
49209,aggressione
363521,furto
265882,truffa
283712,furto
1056109,droga
48786,spaccio
50203,truffa
333084,furto
333006,spaccio
2424251,droga
48667,aggressione
283876,rapina
283845,rapina
49348,furto
49984,aggressione
50052,sequestro
265976,furto
283950,furto
82476,furto
332603,truffa
283866,furto
50127,furto
49716,rapina
82676,spaccio
363780,furto
284161,rapina
332894,spaccio
2035533,rapina
49295,furto
1082411,furto
48927,truffa
48442,droga
49095,rapina
49519,furto
265665,furto
363504,furto
1082360,truffa
48768,furto
1845535,furto
229358,omicidio
60483,furto
49788,spaccio
363439,rapina
1093502,aggressione
265792,furto
332811,droga
82709,furto
229356,furto
50247,furto
1612671,furto
283843,furto
229377,furto
49231,furto
49038,droga
265941,truffa
82481,rapina
49449,truffa
48917,omicidio
48982,furto
50270,truffa
3195251,omicidio
48780,furto
363603,furto
284173,furto
1048099,furto
49900,truffa
3012013,furto
50311,spaccio
3160761,furto
49936,furto
49958,furto
48812,furto
82662,furto
50033,droga
284107,furto
332503,furto
82560,furto
82516,furto
49986,rapina
265961,aggressione
83070,aggressione
283860,truffa
48783,furto
49781,furto
283657,furto
49722,furto
363495,spaccio
284066,aggressione
1056125,aggressione
284002,sequestro
60545,droga
48934,furto
363733,furto
332777,droga
3021522,truffa
265703,droga
332789,droga
332615,rapina
400857,aggressione
283870,rapina
82769,droga
1082320,furto
284149,rapina
49594,aggressione
49424,furto
50268,furto
83243,furto
1082258,omicidio
48684,rapina
363777,furto
332652,spaccio
363458,spaccio
363538,furto
265674,furto
283771,truffa
49175,droga
283825,droga
284050,rapina
82636,aggressione
283822,furto
3192347,spaccio
48420,aggressione
48629,spaccio
48792,rapina
82941,spaccio
363446,furto
83204,furto
363403,furto
2269282,rapina
49168,truffa
1082388,spaccio
1873170,droga
82475,furto
49638,furto
1056113,furto
82608,furto
332691,furto
2069921,spaccio
82935,droga
363410,spaccio
49989,maltrattamento
49303,droga
48525,sequestro
49694,spaccio
265865,droga
1048092,droga
363455,rapina
50291,furto
49872,omicidio
49242,furto
83251,droga
283891,spaccio
48946,spaccio
283914,droga
49738,rapina
83017,furto
332992,furto
332965,furto
363685,truffa
284041,aggressione
49463,aggressione
363613,furto
400919,droga
333148,spaccio
284121,spaccio
332967,furto
49448,droga
363757,aggressione
363487,sequestro
363660,spaccio
49847,droga
363425,furto
265830,furto
49859,rapina
283711,furto
48189,furto
50170,furto
49125,furto
82625,droga
1849004,furto
265725,furto
49441,furto
332934,aggressione
400852,aggressione
2317137,furto
50108,furto
1571483,droga
332629,furto
332528,droga
50341,droga
363526,furto
265709,omicidio
283632,truffa
363755,furto
1082314,furto
83008,spaccio
305183,furto
1082401,furto
49438,spaccio
48981,furto
48776,furto
82474,truffa
283979,furto
48533,furto
332516,furto
1537629,truffa
1828319,furto
283725,furto
265943,rapina
82483,furto
82694,furto
82488,furto
332978,droga
400855,furto
2864606,furto
83235,spaccio
49965,truffa
49347,truffa
50216,furto
49555,spaccio
400966,furto
49156,droga
50213,furto
82484,spaccio
305189,furto
283627,furto
265857,furto
305215,aggressione
363476,furto
48966,aggressione
2873643,furto
1082352,furto
48145,furto
229388,rapina
333101,furto
2658857,spaccio
363560,furto
400998,furto
49384,furto
1082339,furto
50078,droga
2885024,droga
82972,furto
305209,furto
82783,spaccio
400912,rapina
49939,furto
265977,truffa
283593,spaccio
83253,aggressione
49451,furto
261585,furto
50149,spaccio
265730,furto
48903,truffa
49046,spaccio
332892,rapina
265613,spaccio
283759,aggressione
2238512,droga
401001,furto
50169,rapina
265971,furto
2013138,furto
283861,aggressione
49630,spaccio
48313,furto
50305,rapina
363479,droga
82561,furto
265982,furto
363611,furto
265696,furto
48485,furto
1883272,aggressione
283856,truffa
2849168,droga
1082325,furto
265764,rapina
332807,furto
363648,furto
83256,furto
229416,aggressione
49956,rapina
2991305,omicidio
363791,truffa
265605,furto
332618,maltrattamento
332438,furto
363394,rapina
83199,furto
363568,truffa
283658,aggressione
265952,spaccio
2833218,furto
400862,spaccio
49536,rapina
50193,spaccio
83034,truffa
48528,aggressione
82779,furto
48287,furto
48590,spaccio
284202,furto
363576,sequestro
48726,rapina
3164340,furto
363460,droga
83197,furto
49150,furto
48478,spaccio
400915,aggressione
49270,spaccio
49077,furto
50065,aggressione
48721,aggressione
49212,aggressione
83145,spaccio
49334,rapina
48364,spaccio
266003,aggressione
49365,truffa
49037,droga
82597,droga
1082384,rapina
50362,rapina
49938,droga
332530,droga
49002,spaccio
332765,furto
48601,furto
82737,droga
50400,furto
49390,spaccio
1478517,aggressione
49331,furto
49044,furto
49475,maltrattamento
2080549,furto
48608,droga
50318,spaccio
229413,droga
48212,furto
2668486,furto
82908,sequestro
265636,furto
48698,droga
50335,furto
1754546,droga
49176,truffa
400914,maltrattamento
363701,furto
332505,riciclaggio
50221,aggressione
48469,rapina
1082399,droga
48821,furto
265597,furto
48691,droga
283982,furto
83007,truffa
333127,furto
283663,furto
48417,spaccio
49379,furto
332904,droga
49766,spaccio
83009,furto
83318,furto
83051,aggressione
48327,spaccio
332684,furto
305211,furto
48176,furto
283637,spaccio
363461,omicidio
48281,spaccio
363477,droga
48335,furto
82615,furto
82969,spaccio
332541,furto
400900,rapina
48433,sequestro
265808,furto
283666,aggressione
2089087,truffa
49922,aggressione
333146,rapina
49852,furto
82846,furto
283894,spaccio
49277,aggressione
50306,furto
49362,truffa
48835,furto
49916,rapina
49750,droga
83287,droga
49067,aggressione
49431,omicidio
400913,sequestro
2784062,rapina
265852,omicidio
363793,omicidio
48825,furto
49415,omicidio
1082344,furto
48253,furto
2694055,furto
363726,furto
332919,furto
82955,furto
332676,spaccio
50187,furto
49098,rapina
333068,furto
50072,droga
49797,droga
82736,droga
48662,truffa
50007,truffa
49073,furto
48839,sequestro
50028,spaccio
1734982,truffa
83119,droga
48147,rapina
49858,furto
82489,rapina
49136,furto
48914,furto
49828,furto
49746,rapina
283844,droga
50351,spaccio
283964,spaccio
50395,spaccio
48649,rapina
332504,droga
82762,droga
265807,spaccio
265630,rapina
48693,droga
332761,furto
400930,truffa
441549,truffa
2089086,droga
48666,furto
400904,droga
2060106,droga
283821,spaccio
332991,spaccio
49074,rapina
49380,aggressione
229423,droga
332976,aggressione
284151,furto
50204,furto
283694,furto
332581,furto
83203,droga
50042,furto
82917,furto
2438157,furto
60502,truffa
82904,furto
83033,truffa
50259,spaccio
363629,furto
48847,spaccio
332717,rapina
83087,furto
82923,sequestro
49369,furto
2860279,furto
82824,furto
48526,droga
48772,maltrattamento
48185,omicidio
48380,spaccio
265958,droga
266007,droga
283610,furto
332556,droga
48621,truffa
1082282,sequestro
265881,spaccio
332658,droga
49352,spaccio
50267,spaccio
83069,furto
49670,furto
48289,truffa
49106,sequestro
82708,aggressione
265673,furto
283733,furto
50150,aggressione
283675,furto
305199,furto
266000,furto
283772,maltrattamento
1048118,omicidio
82928,maltrattamento
1048098,droga
50356,sequestro
48905,sequestro
48448,maltrattamento
265883,droga
284150,furto
48150,rapina
82487,furto
400879,spaccio
3298606,furto
332988,truffa
400887,rapina
363565,furto
49359,evasione
49497,rapina
283749,furto
49237,furto
265644,spaccio
49645,furto
50345,furto
49460,rapina
363418,furto
50126,furto
363449,furto
48838,rapina
400903,furto
48594,truffa
49117,furto
49811,furto
2255679,spaccio
1576886,furto
1048096,droga
363639,furto
1672719,droga
332679,droga
283587,aggressione
400896,droga
265811,furto
48214,furto
49753,furto
363769,droga
363533,truffa
2834298,rapina
48773,furto
50181,furto
83121,furto
82711,spaccio
2900210,droga
265615,rapina
332741,furto
284184,furto
229410,furto
48623,droga
332580,spaccio
50396,droga
49068,furto
2435800,furto
82788,furto
2866886,furto
82910,spaccio
48920,furto
48255,furto
2172188,spaccio
2676427,furto
283819,spaccio
49744,furto
400850,furto
82699,aggressione
363465,rapina
50120,omicidio
48774,spaccio
363588,furto
265970,rapina
49706,aggressione
2955911,rapina
50011,spaccio
400890,spaccio
49251,omicidio
363508,spaccio
363717,spaccio
49057,spaccio
49674,furto
48202,droga
50119,sequestro
49772,furto
49553,rapina
363502,furto
48614,aggressione
49715,aggressione
284093,truffa
82964,furto
48273,droga
265642,furto
333124,droga
284035,furto
48852,spaccio
48717,furto
48285,aggressione
363671,furto
82743,furto
283619,furto
283830,spaccio
49523,omicidio
82707,rapina
363742,truffa
332633,aggressione
363649,furto
363602,maltrattamento
48133,spaccio
1082376,droga
82731,sequestro
48467,droga
82537,evasione
265800,rapina
400973,droga
49532,truffa
363716,furto
48979,sequestro
2984410,truffa
50218,rapina
49440,furto
49124,sequestro
265658,furto
363752,droga
2994757,spaccio
50051,furto
363459,spaccio
265975,maltrattamento
332455,droga
283810,furto
284160,truffa
265713,furto
82790,furto
265651,truffa
49578,furto
48800,furto
48224,droga
283696,furto
332699,omicidio
265845,omicidio
333037,aggressione
3086806,rapina
332463,furto
332711,furto
1082279,spaccio
49387,furto
49107,rapina
50098,furto
48443,spaccio
48217,furto
49324,furto
332887,furto
363478,furto
48954,omicidio
48490,truffa
265592,furto
283706,omicidio
332985,aggressione
332617,furto
363443,sequestro
48890,truffa
332506,spaccio
332664,furto
48796,droga
332575,spaccio
83184,furto
3146268,droga
332619,spaccio
3238563,spaccio
283664,furto
284117,furto
1082302,furto
283867,spaccio
49784,furto
49988,maltrattamento
49264,omicidio
1093501,furto
1534405,furto
48398,furto
49743,droga
82590,spaccio
332791,furto
332911,furto
2718942,maltrattamento
50302,furto
265682,spaccio
363536,droga
48548,rapina
400917,truffa
50287,sequestro
49961,furto
332604,furto
83304,droga
49635,droga
49964,furto
2851232,droga
48222,droga
1931816,spaccio
83279,spaccio
283809,furto
333039,furto
283933,evasione
49618,furto
83036,spaccio
332781,droga
60555,truffa
363543,furto
1082244,sequestro
82640,rapina
50019,truffa
50224,rapina
48304,spaccio
48908,droga
333106,droga
49842,rapina
363746,furto
50003,furto
229408,furto
332626,furto
49346,furto
83012,truffa
48472,truffa
265925,droga
1048112,furto
49471,droga
265718,violenza sessuale
49122,droga
3295354,aggressione
400886,aggressione
49676,droga
48959,rapina
83068,truffa
265839,truffa
333120,furto
82841,furto
283802,truffa
49055,furto
48769,aggressione
50189,rapina
48146,omicidio
2482169,aggressione
48756,rapina
1048101,furto
332769,truffa
332931,truffa
229419,furto
49199,truffa
82539,spaccio
49393,droga
265744,furto
50172,aggressione
363703,furto
48134,furto
48799,furto
49661,furto
82857,sequestro
1504380,furto
50278,spaccio
324260,truffa
332489,furto
82956,aggressione
283783,droga
332714,omicidio
49479,droga
49181,furto
333062,furto
60508,spaccio
48274,aggressione
49159,furto
284027,droga
49518,furto
332750,droga
284211,furto
412934,furto
283837,truffa
48228,aggressione
49983,rapina
82692,furto
49538,furto
49082,furto
1056119,spaccio
332559,spaccio
48257,furto
82849,spaccio
48462,furto
82745,rapina
265832,furto
332582,furto
400902,furto
48346,furto
265634,maltrattamento
332792,rapina
48326,furto
60505,furto
363579,furto
48173,furto
50228,furto
49723,furto
48651,rapina
83131,furto
265846,furto
284072,furto
283862,furto
332659,aggressione
83322,droga
48829,rapina
49411,evasione
2480315,spaccio
49171,rapina
229411,sequestro
400866,truffa
50036,rapina
83200,furto
283898,omicidio
49798,furto
50137,aggressione
48290,furto
2676425,spaccio
49416,spaccio
49849,furto
49276,furto
49284,furto
82722,furto
265911,furto
50241,droga
1652010,furto
229401,spaccio
49929,truffa
82865,droga
48163,spaccio
2898734,droga
2063312,rapina
265767,aggressione
49433,aggressione
283901,furto
49285,droga
332592,furto
265685,furto
48350,droga
1082332,aggressione
1626074,furto
49025,furto
229426,furto
316188,truffa
1503768,spaccio
363640,furto
49394,furto
400959,furto
49288,furto
48148,rapina
332831,furto
48509,rapina
265908,aggressione
265763,sequestro
48447,spaccio
265938,aggressione
284100,droga
265798,furto
1583352,furto
283665,maltrattamento
50054,furto
332898,furto
49785,furto
363819,furto
48446,aggressione
305174,furto
50179,furto
50182,sequestro
363741,rapina
48801,furto
82950,furto
1699700,rapina
229425,furto
332558,furto
50368,truffa
50188,spaccio
48132,furto
48687,droga
1082382,furto
49954,spaccio
49774,furto
49595,furto
333002,furto
400946,spaccio
49799,omicidio
83319,aggressione
49735,furto
363559,furto
50388,furto
283978,aggressione
332940,rapina
49402,droga
305214,aggressione
265760,furto
48702,rapina
83107,droga
49825,truffa
2425357,furto
83291,furto
50214,omicidio
283991,furto
363727,truffa
2630272,aggressione
82682,truffa
332771,furto
283702,furto
333032,furto
83120,furto
332954,rapina
49748,furto
265778,furto
48375,sequestro
83266,furto
2905588,spaccio
48990,furto
229395,rapina
50004,furto
83249,spaccio
48947,furto
283913,droga
82721,omicidio
83181,furto
283747,truffa
332731,spaccio
400997,droga
48960,furto
2579484,droga
2023807,rapina
174574,furto
83171,spaccio
284012,aggressione
363551,droga
401008,furto
82652,furto
400867,rapina
363732,furto
48140,furto
49026,spaccio
48477,droga
1048102,furto
49974,rapina
82879,rapina
2421902,sequestro
49330,truffa
412937,spaccio
283649,furto
332776,omicidio
400947,aggressione
48612,furto
82924,furto
390707,aggressione
48156,droga
333044,furto
49152,aggressione
2100805,rapina
48240,truffa
265838,spaccio
49764,furto
82776,rapina
48511,sequestro
265879,truffa
2686436,spaccio
48582,furto
2093549,truffa
283746,omicidio
60519,furto
333081,truffa
333026,spaccio
82612,furto
265726,droga
283853,furto
48618,droga
284156,furto
265704,rapina
50376,spaccio
50121,droga
333071,droga
363436,truffa
48755,spaccio
2272695,furto
265965,furto
60491,droga
48692,droga
50307,furto
265700,droga
48901,omicidio
332599,rapina
332526,aggressione
48733,furto
2691577,furto
283940,spaccio
2187699,rapina
83250,furto
400940,rapina
48385,spaccio
49717,furto
332942,furto
363517,sequestro
2654419,furto
82710,furto
324267,furto
48319,truffa
363593,spaccio
60484,furto
283695,furto
83040,sequestro
49700,furto
265886,droga
284097,furto
283595,truffa
400929,rapina
49574,droga
49659,furto
265645,furto
2346062,spaccio
363469,furto
283887,rapina
2328791,rapina
363715,droga
283972,furto
50153,sequestro
48349,furto
284134,furto
284199,furto
50227,furto
83283,violenza sessuale
332932,maltrattamento
49947,furto
1963116,aggressione
363626,droga
49376,spaccio
284078,rapina
332901,rapina
49526,aggressione
48388,rapina
82816,droga
50226,droga
49612,furto
49820,aggressione
82503,furto
82580,droga
363677,droga
49340,rapina
1082397,spaccio
82892,furto
265948,sequestro
50050,spaccio
50167,omicidio
332963,maltrattamento
60526,furto
284059,droga
332555,sequestro
48586,truffa
1082271,droga
283881,rapina
283919,furto
49915,furto
49053,furto
83151,rapina
363661,furto
1082410,furto
49149,spaccio
49503,furto
83176,droga
332921,aggressione
265816,rapina
3060533,truffa
82844,spaccio
49806,furto
332876,furto
332502,droga
1821918,aggressione
48361,rapina
332448,truffa
50242,rapina
48498,rapina
82679,spaccio
82855,furto
277586,furto
83195,maltrattamento
82510,furto
49853,rapina
50145,droga
283920,spaccio
1773982,furto
82485,droga
50337,furto
283773,rapina
48393,omicidio
265660,furto
60504,rapina
363580,furto
48757,maltrattamento
60470,truffa
50394,furto
363638,furto
48729,droga
83130,omicidio
283879,aggressione
283745,rapina
1989964,furto
49263,rapina
82988,furto
284177,furto
1082276,droga
305203,furto
48710,spaccio
48874,droga
265721,furto
49829,droga
83240,spaccio
49326,aggressione
48944,furto
2120474,spaccio
1873171,spaccio
82739,droga
49711,furto
305170,furto
363619,spaccio
83185,furto
48272,rapina
83114,droga
82942,furto
48795,droga
83237,rapina
332842,spaccio
2725688,furto
363652,droga
363680,furto
49272,omicidio
2954630,rapina
48391,rapina
48576,furto
229385,spaccio
332437,aggressione
48722,furto
265805,droga
50244,furto
83178,rapina
49425,furto
400880,aggressione
49238,furto
2121939,furto
60548,omicidio
305193,spaccio
49567,droga
82741,aggressione
82825,droga
60467,truffa
400909,furto
332667,droga
48373,droga
48401,furto
363754,rapina
82618,furto
49236,spaccio
50322,rapina
49506,sequestro
82755,omicidio
48339,furto
283683,furto
49688,furto
50020,spaccio
265837,rapina
83141,spaccio
332757,furto
48275,rapina
60543,spaccio
48858,spaccio
48523,truffa
284045,furto
229392,droga
50366,furto
48541,furto
48937,furto
1082266,furto
83263,spaccio
49579,omicidio
82479,droga
1082249,furto
48682,furto
82799,spaccio
332442,truffa
49789,furto
283888,spaccio
1502763,furto
82862,spaccio
83074,furto
50174,spaccio
332884,furto
83123,aggressione
82944,furto
48496,furto
82989,droga
332640,droga
277585,furto
363669,furto
83192,omicidio
229370,droga
2735788,spaccio
3008560,furto
48918,spaccio
82900,spaccio
333126,aggressione
49696,rapina
50185,droga
48403,droga
48948,omicidio
82657,droga
283606,truffa
48135,droga
50379,furto
49314,furto
265684,truffa
49374,furto
265598,spaccio
48737,furto
111353,rapina
49400,furto
48887,aggressione
49160,truffa
333035,furto
1672718,truffa
332859,rapina
49469,spaccio
83280,rapina
60474,furto
401014,sequestro
1500889,droga
265889,sequestro
305204,truffa
2871835,furto
82850,evasione
283811,spaccio
332660,furto
332698,aggressione
400962,furto
49511,rapina
265649,rapina
49760,truffa
332826,droga
363411,droga
49977,furto
265692,truffa
49377,omicidio
82773,furto
1703133,truffa
83229,furto
48295,spaccio
49262,droga
333040,aggressione
82852,furto
48575,furto
50330,truffa
48557,aggressione
49875,furto
363786,droga
83214,furto
50115,omicidio
49312,aggressione
265686,rapina
50146,truffa
48656,aggressione
332574,furto
363509,furto
363441,rapina
48245,furto
48806,rapina
332536,furto
283650,furto
83025,spaccio
48409,furto
49430,droga
49234,furto
265969,furto
50171,rapina
284013,furto
400954,rapina
332584,aggressione
49467,droga
283605,furto
60558,furto
332758,furto
265625,furto
49740,furto
1082312,spaccio
265656,furto
49493,droga
83172,furto
60472,rapina
265905,droga
49123,spaccio
82661,rapina
49675,aggressione
332527,sequestro
82995,furto
49521,omicidio
412939,aggressione
48622,sequestro
82981,spaccio
1093499,truffa
82873,furto
363655,droga
1679521,sequestro
283668,droga
49185,furto
48238,furto
49189,furto
363392,furto
49917,furto
82875,droga
284008,violenza sessuale
1082336,truffa
2750158,furto
363448,furto
49456,sequestro
265623,droga
82896,spaccio
83095,furto
60487,furto
265962,furto
48976,furto
82795,droga
82568,aggressione
49878,spaccio
48175,droga
82916,furto
49162,truffa
400883,furto
2154310,aggressione
49186,droga
3140810,sequestro
82793,truffa
49726,furto
363666,furto
265777,rapina
50040,furto
50178,furto
49010,truffa
305184,droga
332918,furto
333115,aggressione
50161,droga
2663211,truffa
400928,furto
48579,furto
49218,furto
283885,rapina
49558,rapina
284073,rapina
400878,spaccio
48362,aggressione
82765,spaccio
50031,spaccio
49115,droga
363633,furto
50256,aggressione
49311,droga
50186,furto
48500,furto
363516,droga
2786359,spaccio
284212,rapina
49399,furto
305197,furto
265729,furto
333147,droga
49810,maltrattamento
49970,aggressione
332790,aggressione
50123,aggressione
1082377,truffa
363422,furto
60552,furto
305177,furto
82702,furto
48753,rapina
265980,droga
49751,spaccio
50403,furto
363581,furto
283808,droga
48209,truffa
83290,droga
1689744,furto
400945,rapina
332877,droga
363474,droga
1082354,spaccio
49338,furto
83078,truffa
1082263,rapina
50039,sequestro
48906,furto
48436,truffa
265993,furto
82589,furto
49684,spaccio
363503,furto
400949,furto
283701,furto
265787,furto
283624,spaccio
332607,droga
49972,furto
363556,spaccio
48451,droga
284052,furto
265756,furto
83254,furto
1534406,furto
49105,spaccio
48458,omicidio
332928,truffa
49322,spaccio
82628,sequestro
48701,furto
332853,furto
332902,spaccio
49827,spaccio
49137,furto
1821425,furto
82715,rapina
82565,furto
48336,furto
332522,droga
265998,truffa
49154,aggressione
2760290,droga
2344108,droga
1794117,furto
48748,droga
49484,spaccio
363718,droga
49246,aggressione
283817,furto
332818,furto
332666,rapina
49807,furto
48836,furto
82712,furto
49014,rapina
283713,spaccio
283799,spaccio
48231,furto
400920,furto
284179,maltrattamento
266002,spaccio
50124,rapina
49588,droga
49313,rapina
265825,rapina
49664,aggressione
83281,furto
82505,rapina
2673033,furto
82530,aggressione
50092,furto
332653,furto
83001,spaccio
83186,droga
363428,spaccio
82680,aggressione
283687,droga
82990,omicidio
1082387,furto
49501,furto
49548,truffa
283911,furto
49472,furto
49294,droga
284036,rapina
283691,spaccio
48759,furto
48676,spaccio
284086,furto
2961475,omicidio
363653,spaccio
265752,furto
48352,furto
363483,furto
48898,furto
284102,furto
82601,truffa
229424,furto
48912,droga
48165,furto
283736,rapina
49800,rapina
49561,rapina
265967,omicidio
82843,rapina
48261,furto
49089,aggressione
333013,droga
1082273,sequestro
305198,aggressione
2041431,omicidio
265647,furto
1056120,maltrattamento
332589,furto
83096,droga
48785,droga
49937,furto
332784,spaccio
1082361,furto
49289,furto
284060,furto
49316,truffa
49099,furto
49401,furto
1665596,spaccio
284128,droga
363433,maltrattamento
49719,spaccio
48880,furto
1082337,furto
283939,furto
50081,furto
49491,droga
48580,omicidio
48875,furto
49946,aggressione
49910,furto
49325,furto
363705,spaccio
48342,rapina
1048116,omicidio
332683,omicidio
48227,furto
283766,spaccio
283764,truffa
2546983,droga
229409,aggressione
363420,furto
49868,furto
332657,furto
50367,aggressione
1056121,aggressione
50387,furto
283942,furto
1082310,droga
283789,furto
48881,spaccio
2756930,furto
265904,furto
265869,furto
265906,rapina
1048113,aggressione
265794,furto
2398431,furto
401010,furto
265873,spaccio
48955,furto
265876,furto
332910,furto
49657,furto
332925,omicidio
83311,droga
48965,furto
332961,omicidio
305162,furto
265710,spaccio
49625,droga
48136,aggressione
363783,furto
2082339,furto
305200,furto
363554,aggressione
83039,furto
49769,aggressione
49923,furto
49245,droga
48370,riciclaggio
363806,furto
49884,spaccio
400932,furto
363673,rapina
48894,furto
265765,spaccio
283903,spaccio
332966,furto
283755,furto
49773,furto
3262043,maltrattamento
50094,aggressione
82677,furto
49373,furto
2463488,aggressione
284056,furto
333057,droga
82815,furto
1082247,spaccio
363810,furto
363707,furto
49907,droga
333008,furto
363790,spaccio
332878,truffa
83274,furto
284158,furto
283763,rapina
332727,aggressione
265864,truffa
83167,furto
48199,furto
3094632,furto
283871,furto
48294,furto
332475,rapina
333066,omicidio
82531,truffa
60497,droga
48953,droga
2313666,truffa
48144,furto
82553,spaccio
49759,spaccio
82630,truffa
332491,droga
305212,furto
83104,furto
49679,droga
82504,droga
1879923,furto
48168,droga
50044,droga
48818,furto
283892,furto
332833,droga
60481,furto
305171,furto
82620,droga
82583,furto
83227,furto
2940907,aggressione
305168,furto
265922,droga
283936,furto
48316,furto
50046,truffa
333011,rapina
332588,truffa
82866,furto
332766,furto
1585567,rapina
1082389,droga
48480,furto
49349,droga
82798,spaccio
49323,truffa
82897,aggressione
265931,spaccio
83268,rapina
283945,rapina
50195,furto
48551,furto
400965,droga
82792,furto
400876,furto
283629,droga
83097,spaccio
83298,furto
49540,furto
284167,aggressione
48419,furto
49816,furto
82495,droga
1082349,rapina
363625,furto
48637,rapina
283829,furto
83136,furto
83076,aggressione
50035,furto
2994756,truffa
82882,furto
332804,droga
49351,aggressione
283849,furto
1734238,furto
363407,truffa
400863,furto
48719,spaccio
363721,furto
3188759,aggressione
82637,spaccio
1570424,spaccio
49925,droga
49652,droga
83169,truffa
48645,furto
49363,spaccio
283786,aggressione
1163696,truffa
50159,aggressione
284126,spaccio
332828,droga
49758,spaccio
265614,furto
363801,furto
50323,rapina
363518,droga
332464,spaccio
332495,furto
265617,aggressione
283874,truffa
333021,rapina
50222,furto
49307,maltrattamento
48239,droga
333110,droga
49564,furto
48939,furto
1082371,omicidio
1776909,truffa
363687,furto
284124,aggressione
400935,furto
305167,droga
283814,spaccio
48972,droga
49020,spaccio
49417,furto
284206,furto
49485,furto
283976,furto
82738,furto
363467,rapina
49644,furto
49687,truffa
50266,furto
265775,spaccio
48560,rapina
284016,furto
283908,droga
50380,furto
324263,furto
83044,furto
1850494,aggressione
283847,droga
48179,sequestro
48435,furto
1681647,furto
363804,omicidio
1082390,furto
265773,furto
82983,truffa
333018,truffa
2681132,droga
49131,furto
265985,rapina
49692,omicidio
2335703,droga
265701,rapina
332982,furto
400906,furto
265771,furto
48426,rapina
284096,furto
83294,droga
48640,spaccio
48828,furto
265601,furto
1082370,furto
265616,furto
83015,furto
48798,spaccio
48552,truffa
265677,furto
332631,truffa
363468,sequestro
283730,furto
49392,furto
363750,spaccio
49007,furto
283946,furto
48184,droga
50314,aggressione
1082414,furto
363555,furto
50275,furto
49414,furto
49660,spaccio
82887,furto
48522,furto
265759,furto
83024,furto
82833,rapina
50261,rapina
50312,rapina
265585,furto
82490,truffa
1093496,aggressione
50373,furto
49483,furto
82613,aggressione
82753,furto
283852,droga
1048107,furto
48483,droga
83273,furto
363406,furto
332730,aggressione
332817,spaccio
3002712,furto
50246,furto
332644,evasione
83061,truffa
266004,truffa
83026,aggressione
48402,droga
83177,furto
49486,rapina
48987,omicidio
82997,furto
400957,rapina
48877,furto
50018,maltrattamento
283935,droga
305163,spaccio
50096,furto
305213,furto
265643,omicidio
48571,spaccio
50300,omicidio
265755,spaccio
332565,furto
332881,droga
363529,aggressione
50254,rapina
83054,spaccio
1500401,furto
49502,spaccio
49830,sequestro
400972,furto
1771114,droga
49468,spaccio
48377,truffa
48162,droga
49729,spaccio
363570,furto
283792,rapina
49045,truffa
265593,spaccio
265997,furto
50144,furto
82683,spaccio
332797,furto
83105,sequestro
49018,sequestro
50008,furto
265804,sequestro
265957,droga
82718,spaccio
82690,droga
2055681,furto
82973,rapina
60517,omicidio
82720,furto
283966,rapina
49609,omicidio
48323,rapina
333104,aggressione
284020,furto
49761,furto
60520,furto
83299,furto
332697,spaccio
83050,spaccio
49765,furto
363594,droga
332979,furto
49336,droga
265972,furto
83071,furto
48194,truffa
1580107,droga
82817,furto
48879,furto
48685,furto
48354,sequestro
284207,omicidio
48306,droga
48475,furto
82609,furto
283912,rapina
49024,furto
48941,evasione
332452,maltrattamento
50364,spaccio
332696,furto
363724,furto
82646,furto
1817957,droga
400854,furto
332774,omicidio
49120,rapina
49356,rapina
50059,aggressione
82604,furto
2110444,furto
229407,furto
265653,furto
82602,rapina
49794,rapina
284174,droga
1905557,truffa
265924,aggressione
49321,droga
50276,furto
283897,furto
333036,aggressione
283618,rapina
332773,furto
333105,droga
332813,furto
2113834,furto
400907,furto
305191,spaccio
48980,furto
49592,furto
60490,spaccio
48597,furto
284030,furto
363462,aggressione
48382,droga
49072,droga
284141,spaccio
48302,rapina
363473,evasione
283754,furto
48830,truffa
49422,aggressione
82538,rapina
82747,violenza sessuale
229366,furto
50165,furto
363674,droga
48803,spaccio
2629400,rapina
332860,furto
363681,rapina
48271,rapina
2693463,furto
333096,furto
49600,furto
82576,aggressione
283993,furto
48473,truffa
1082270,spaccio
48689,rapina
16088,furto
265612,furto
332611,droga
283697,truffa
283917,rapina
363404,spaccio
333112,furto
363548,furto
82954,omicidio
332578,furto
1082363,furto
1857395,furto
48347,furto
283906,aggressione
49361,truffa
332568,omicidio
49287,furto
48427,spaccio
83292,maltrattamento
363657,furto
50215,furto
265999,truffa
82871,omicidio
363782,aggressione
50010,spaccio
50329,droga
60542,maltrattamento
50231,furto
83306,spaccio
1093495,rapina
82513,maltrattamento
2691578,furto
49061,furto
83030,rapina
265793,droga
48837,furto
50225,furto
82803,furto
48210,furto
283607,furto
265661,furto
333121,truffa
49911,rapina
83234,furto
82566,furto
332805,spaccio
2548092,furto
50293,droga
283902,furto
265963,furto
283893,furto
283693,droga
49909,furto
2072030,rapina
49893,spaccio
332511,droga
48412,droga
83164,furto
332703,aggressione
363624,droga
49992,rapina
363768,furto
265657,furto
49576,rapina
400859,furto
265868,truffa
400988,rapina
1614050,violenza sessuale
332459,rapina
49959,furto
284154,furto
49768,truffa
2684596,spaccio
83043,omicidio
60507,aggressione
49697,droga
48993,spaccio
284180,sequestro
2194388,rapina
49130,droga
363706,omicidio
1082415,rapina
48823,furto
1082412,furto
1082418,furto
48178,droga
49527,omicidio
265735,furto
48848,truffa
48703,spaccio
82996,truffa
82754,truffa
305210,aggressione
363475,rapina
82951,furto
83230,rapina
50005,rapina
363711,spaccio
50250,rapina
48247,truffa
49584,furto
284185,furto
48486,furto
49076,droga
48856,truffa
2120968,spaccio
82918,truffa
2266485,furto
48720,furto
82681,omicidio
50260,spaccio
1082309,droga
265896,furto
48568,violenza sessuale
333117,droga
82837,droga
50304,spaccio
265740,droga
60464,truffa
50353,furto
49669,furto
82883,furto
2603178,furto
48699,aggressione
82571,evasione
1904065,truffa
49280,furto
332768,truffa
48727,furto
1783790,droga
363817,rapina
48932,furto
48570,rapina
283863,furto
82684,droga
82585,droga
283728,spaccio
283899,truffa
284000,rapina
82889,furto
265632,truffa
2090159,sequestro
48166,spaccio
2019851,rapina
48967,spaccio
49613,furto
363766,truffa
48250,truffa
332441,truffa
283760,furto
265694,truffa
332930,aggressione
400964,furto
2620577,rapina
48484,furto
1082359,furto
49333,furto
363731,droga
48814,furto
82796,rapina
2489619,furto
363612,spaccio
332858,sequestro
50372,furto
1082251,furto
83307,maltrattamento
49505,spaccio
48329,droga
49524,furto
48315,truffa
363527,aggressione
333109,aggressione
50390,truffa
50056,omicidio
48237,droga
49834,rapina
1583354,omicidio
229417,furto
48371,furto
50027,furto
50299,droga
284203,rapina
82596,furto
50055,spaccio
265959,furto
49631,furto
48512,furto
363583,rapina
49778,droga
48159,droga
3230024,droga
332670,spaccio
82861,sequestro
50220,furto
332775,droga
284021,furto
82557,furto
332847,furto
400996,furto
50382,sequestro
363494,furto
284068,furto
2023184,spaccio
1897129,rapina
265717,furto
229396,aggressione
48936,rapina
82836,furto
284109,furto
49016,furto
265880,omicidio
60465,furto
1976808,maltrattamento
49261,droga
48779,furto
283750,truffa
48809,sequestro
82748,furto
332851,omicidio
83261,furto
50132,furto
49663,droga
49268,rapina
332680,droga
48974,sequestro
305173,furto
332798,aggressione
2679769,rapina
48833,droga
49126,furto
400989,maltrattamento
332873,furto
49224,aggressione
305202,furto
49299,furto
332634,spaccio
3121956,aggressione
283965,rapina
48204,spaccio
48746,sequestro
49019,furto
332488,aggressione
48996,furto
332645,rapina
49990,furto
49233,furto
82714,furto
48463,truffa
82653,droga
48230,aggressione
82522,truffa
49455,aggressione
363787,furto
49957,furto
48395,rapina
229351,sequestro
48865,omicidio
48859,rapina
48556,spaccio
283955,truffa
83284,droga
49771,maltrattamento
283889,furto
3183630,spaccio
82933,rapina
1056111,aggressione
1082333,spaccio
2062299,spaccio
49709,truffa
49942,droga
401000,truffa
1478520,rapina
48884,aggressione
48407,rapina
48781,sequestro
1048108,furto
265768,furto
49405,spaccio
363523,furto
60480,droga
49821,furto
49976,furto
83255,rapina
83092,truffa
283748,furto
82705,truffa
82786,truffa
60477,droga
363595,furto
49178,furto
49930,furto
49305,furto
60475,furto
48321,furto
265813,furto
1952690,furto
83064,droga
283805,furto
1082406,furto
50100,aggressione
82549,furto
400922,furto
50374,furto
49539,omicidio
83156,furto
332906,furto
412933,droga
283992,furto
363399,spaccio
363434,furto
265591,spaccio
49656,furto
48902,furto
363682,spaccio
49948,furto
48673,furto
82937,furto
2827494,droga
49148,furto
60523,furto
48992,maltrattamento
332852,furto
283842,spaccio
83035,spaccio
332990,aggressione
50288,furto
48425,furto
48578,truffa
265849,furto
400892,sequestro
83252,truffa
48738,droga
49214,furto
332569,furto
363743,omicidio
332922,furto
49042,furto
390706,furto
284192,rapina
1082346,droga
83086,spaccio
48872,furto
60499,furto
49605,furto
48299,spaccio
82759,furto
82800,furto
49300,droga
2432312,aggressione
50190,furto
333098,spaccio
49317,rapina
49653,furto
363734,rapina
49703,truffa
363712,furto
1082283,truffa
265785,furto
333078,droga
363493,aggressione
48521,droga
48695,sequestro
49546,furto
48158,furto
82671,rapina
48400,rapina
400875,furto
48392,spaccio
265909,furto
83303,droga
284142,rapina
82501,furto
1940264,furto
50173,furto
83198,furto
49755,furto
83138,furto
363739,droga
1082246,furto
2915854,furto
50336,sequestro
2965914,furto
48348,aggressione
50333,sequestro
83112,furto
49146,furto
82500,omicidio
83004,furto
48935,truffa
49987,truffa
48665,spaccio
83022,droga
283641,spaccio
49845,furto
83275,furto
265621,spaccio
2470408,furto
284058,rapina
82607,droga
49896,furto
283807,furto
48995,furto
333047,furto
2537689,furto
363442,sequestro
83048,droga
332457,furto
49551,furto
1843595,droga
48532,furto
60527,furto
1048097,furto
283836,furto
48911,rapina
48605,furto
49634,rapina
50208,furto
82502,furto
50199,spaccio
49547,droga
49063,omicidio
400943,aggressione
48452,furto
1938771,spaccio
2871322,sequestro
1082268,furto
332929,rapina
1048106,furto
49097,sequestro
400979,furto
48470,rapina
265588,droga
49177,furto
48910,furto
332587,maltrattamento
332715,spaccio
50392,rapina
83144,furto
48353,furto
265650,spaccio
82870,droga
332446,furto
48449,droga
324259,rapina
48505,furto
1831744,droga
265733,droga
332882,furto
2228265,truffa
48619,furto
49522,spaccio
49226,spaccio
49833,droga
265635,spaccio
49391,rapina
49429,droga
363704,furto
48249,furto
2428849,furto
332625,furto
82845,aggressione
49427,aggressione
229389,rapina
82905,droga
283970,furto
48476,omicidio
283975,droga
265633,spaccio
261586,furto
49787,furto
283740,droga
83110,furto
49395,furto
1048091,furto
82839,sequestro
265899,aggressione
400865,rapina
50014,furto
49030,furto
48197,rapina
49549,aggressione
48438,rapina
332840,evasione
82672,droga
49745,evasione
283890,furto
363562,furto
82977,furto
49283,aggressione
265687,rapina
49271,furto
83236,droga
363535,sequestro
48445,aggressione
48867,spaccio
265867,furto
283612,truffa
50386,furto
1776908,furto
2391496,aggressione
83216,furto
49568,omicidio
1082304,furto
363632,furto
83315,furto
82541,truffa
332827,furto
49260,truffa
265912,furto
332794,sequestro
49254,furto
1082364,furto
49601,furto
332614,furto
49690,furto
48516,evasione
82840,truffa
363775,droga
82932,spaccio
48642,rapina
48394,sequestro
50143,aggressione
82663,furto
50378,furto
82659,truffa
363778,truffa
48921,spaccio
2194389,furto
49250,furto
48422,droga
1082280,droga
82984,aggressione
49128,aggressione
283601,aggressione
363762,rapina
82787,maltrattamento
83296,furto
82492,spaccio
363587,furto
283673,furto
48428,furto
48611,droga
363572,rapina
49499,spaccio
2676426,furto
283588,furto
48562,truffa
283765,furto
83288,rapina
83079,truffa
49848,sequestro
50109,spaccio
48777,furto
82497,furto
83183,furto
265994,truffa
1082254,aggressione
2902150,furto
82641,rapina
363751,furto
333079,sequestro
2831971,furto
49157,truffa
283839,truffa
48794,furto
49840,furto
49993,furto
283654,furto
48143,furto
49566,furto
50384,truffa
48690,furto
49510,furto
49228,rapina
82558,droga
50139,furto
49051,aggressione
332920,spaccio
400894,rapina
283645,furto
83122,furto
283924,furto
50277,truffa
82536,droga
1580109,rapina
48969,rapina
229398,furto
82512,droga
363492,truffa
283937,spaccio
83028,truffa
2943269,truffa
50037,furto
363408,omicidio
49219,droga
265892,furto
265913,droga
283968,aggressione
265939,omicidio
82823,furto
49155,truffa
265806,furto
332601,spaccio
332440,furto
332946,furto
49708,furto
265699,aggressione
324266,truffa
332605,furto
50147,furto
49714,truffa
363542,aggressione
49253,spaccio
50369,rapina
48216,rapina
1082288,aggressione
82994,droga
49899,aggressione
332456,furto
49647,furto
265786,furto
49838,rapina
332624,droga
283864,aggressione
48260,spaccio
283643,rapina
265622,spaccio
332704,spaccio
82527,omicidio
48481,furto
284077,furto
401012,furto
332716,furto
49866,furto
332819,furto
50089,spaccio
283717,truffa
265836,furto
2820763,furto
363765,aggressione
48236,rapina
49216,spaccio
83223,spaccio
1082272,truffa
49091,furto
265671,spaccio
363620,spaccio
50067,furto
363800,spaccio
49023,droga
49443,furto
332722,spaccio
49269,aggressione
83088,rapina
283757,rapina
284194,omicidio
400982,rapina
332687,furto
49145,furto
2578982,furto
60551,omicidio
82740,spaccio
1082311,furto
2941325,furto
48754,droga
82542,spaccio
48363,spaccio
49960,rapina
305166,furto
283790,aggressione
229359,truffa
333145,furto
50354,sequestro
48962,furto
83090,furto
48793,spaccio
332949,droga
332841,furto
283977,furto
1093498,furto
48643,furto
82509,furto
48807,droga
48827,rapina
82717,spaccio
265757,rapina
48292,furto
265916,droga
49375,spaccio
284129,furto
363534,truffa
333095,omicidio
284043,droga
83118,furto
363760,furto
49202,furto
49614,furto
50346,spaccio
49520,furto
1082305,truffa
48343,furto
83062,maltrattamento
49796,spaccio
82867,furto
283989,droga
363485,furto
48616,furto
83032,evasione
50332,furto
48782,aggressione
83006,furto
400910,rapina
49607,furto
1886725,furto
284081,furto
50284,droga
50045,aggressione
49259,spaccio
1056114,droga
265820,rapina
82582,furto
283855,furto
324271,furto
332843,furto
48203,furto
83246,aggressione
49881,spaccio
363664,spaccio
305216,spaccio
49244,maltrattamento
83125,furto
48195,droga
1082313,furto
333042,aggressione
283859,furto
48157,truffa
333055,furto
48137,furto
49064,furto
48714,spaccio
49482,truffa
363710,furto
83053,truffa
363808,spaccio
2076667,droga
363714,rapina
49590,spaccio
49581,furto
83282,furto
60534,spaccio
49039,furto
2860278,furto
83108,furto
1082392,truffa
265628,furto
83113,spaccio
48487,rapina
82658,evasione
49257,rapina
49293,furto
1082253,furto
284165,furto
363802,furto
49534,furto
2643867,violenza sessuale
2909004,droga
48389,furto
50385,droga
49763,rapina
82909,spaccio
332815,aggressione
48517,spaccio
48718,sequestro
332520,furto
48497,aggressione
265738,spaccio
50285,furto
332471,furto
83201,truffa
283996,furto
50006,furto
265784,furto
49754,furto
82760,spaccio
283767,aggressione
50135,rapina
60478,rapina
1764238,spaccio
332927,droga
83242,furto
265655,furto
82946,spaccio
49464,furto
305217,furto
82498,sequestro
332999,furto
363553,droga
49857,furto
363440,furto
363431,furto
49962,furto
2730135,furto
363481,furto
284094,furto
82830,furto
82650,furto
60518,droga
265761,aggressione
363435,furto
363450,rapina
50197,maltrattamento
82600,furto
2825573,droga
283640,furto
2785520,spaccio
82552,spaccio
82617,aggressione
82508,furto
3191528,rapina
48686,furto
50198,spaccio
284176,aggressione
2257149,furto
2799667,omicidio
332939,spaccio
229393,furto
49292,aggressione
265895,truffa
283642,spaccio
82633,truffa
363665,furto
363647,sequestro
283886,furto
48752,furto
83265,spaccio
49342,furto
265789,furto
265949,maltrattamento
265803,furto
49201,aggressione
49496,rapina
283959,aggressione
83089,furto
49011,rapina
48431,furto
332763,spaccio
332560,furto
60536,truffa
284115,furto
265788,rapina
82534,furto
2617099,furto
82575,truffa
82656,furto
83157,droga
363628,spaccio
49611,maltrattamento
49895,spaccio
82785,furto
48305,furto
332909,furto
50177,furto
363444,omicidio
265917,furto
1082379,furto
1082308,furto
305205,spaccio
60506,sequestro
82518,furto
363740,droga
49013,furto
48585,truffa
332479,furto
50347,rapina
49191,droga
229350,furto
50114,rapina
332439,aggressione
48543,furto
60544,droga
83209,furto
82775,droga
49310,droga
2719812,furto
83309,rapina
283652,truffa
284039,truffa
49174,spaccio
83208,spaccio
363400,furto
83085,spaccio
1082318,droga
1082334,spaccio
48311,furto
82826,aggressione
3278983,furto
400938,spaccio
332519,furto
363590,furto
48356,maltrattamento
49865,furto
2363769,spaccio
49924,furto
1082281,rapina
400956,spaccio
48430,spaccio
283669,rapina
49132,spaccio
265783,sequestro
83174,furto
50155,spaccio
49211,truffa
49921,furto
48730,droga
50163,rapina
265586,truffa
83133,sequestro
50243,droga
49458,sequestro
265946,truffa
48663,furto
82642,furto
265801,furto
48660,evasione
305176,furto
83037,droga
283677,furto
50212,furto
363497,furto
48810,rapina
2324041,droga
363569,sequestro
412940,furto
332515,droga
49210,sequestro
83244,furto
82691,spaccio
265668,furto
332707,droga
283990,furto
2933505,aggressione
82906,furto
265631,droga
48494,furto
82532,aggressione
48314,spaccio
83058,furto
400976,furto
305196,rapina
265641,furto
48674,spaccio
1674099,spaccio
48945,droga
363424,aggressione
49116,aggressione
283980,furto
49454,rapina
363412,aggressione
229363,furto
332816,furto
283655,droga
49978,truffa
400939,furto
265966,spaccio
48384,aggressione
83129,furto
49822,furto
1048094,droga
1475790,aggressione
82768,furto
49572,spaccio
48459,spaccio
48456,furto
49509,aggressione
82829,rapina
49118,furto
48871,droga
265731,sequestro
48565,furto
332494,furto
333014,spaccio
1082386,truffa
48883,rapina
3053576,spaccio
50283,riciclaggio
332812,furto
83212,truffa
48529,furto
333077,rapina
48432,spaccio
284088,furto
363631,aggressione
83016,rapina
49290,rapina
49217,sequestro
332705,furto
50389,rapina
2372185,aggressione
49824,spaccio
283598,truffa
333058,rapina
49114,furto
229400,truffa
82834,rapina
2248818,furto
49065,furto
50303,rapina
332497,rapina
363552,furto
283682,rapina
1082303,droga
49710,furto
83011,droga
283591,truffa
50301,furto
82664,rapina
332695,spaccio
229422,furto
83148,furto
363531,droga
49421,furto
363694,furto
265815,rapina
332760,droga
48973,droga
229404,truffa
1056123,furto
284057,omicidio
82544,droga
265666,aggressione
83162,truffa
48267,furto
49040,spaccio
82991,rapina
48915,rapina
83258,spaccio
2391497,furto
49629,omicidio
265934,rapina
82584,furto
332529,furto
332795,furto
49943,droga
265691,truffa
283648,omicidio
284007,furto
48916,furto
265739,spaccio
49918,spaccio
400849,aggressione
1586582,spaccio
284147,droga
83224,furto
1082301,droga
284196,spaccio
49839,droga
284181,furto
363761,spaccio
283617,furto
265747,furto
83297,droga
1894295,droga
283615,aggressione
283680,droga
48956,spaccio
49203,furto
49444,furto
229394,rapina
50358,spaccio
49069,droga
49432,furto
1082256,rapina
400980,furto
83218,aggressione
49565,furto
82678,truffa
49649,furto
363549,rapina
49880,truffa
363421,truffa
50043,furto
363537,droga
50134,rapina
265595,rapina
1580108,spaccio
50057,furto
363730,droga
283653,rapina
49920,omicidio
49368,rapina
332880,furto
333136,furto
83175,aggressione
49153,furto
333140,droga
49891,furto
48804,furto
333005,furto
332654,spaccio
332806,droga
48280,furto
265874,rapina
2693462,truffa
284055,droga
265809,furto
283916,droga
284182,droga
333017,furto
400968,droga
229421,spaccio
283775,rapina
48603,truffa
2019850,truffa
83128,furto
401002,maltrattamento
48538,furto
83067,furto
50235,maltrattamento
265648,spaccio
48251,furto
1082419,aggressione
265870,furto
1504381,droga
50271,furto
49793,rapina
283999,furto
48471,aggressione
48499,furto
82514,rapina
49953,furto
1093491,droga
333074,droga
82899,furto
50015,sequestro
265834,droga
332834,furto
82848,furto
50083,truffa
333010,droga
400986,furto
50298,furto
49513,furto
2247521,droga
49818,furto
48820,rapina
332725,furto
283882,furto
49309,rapina
363737,aggressione
50375,spaccio
284205,furto
50297,furto
49398,furto
82914,furto
2741340,rapina
48330,maltrattamento
284132,furto
1743880,furto
111352,furto
332926,omicidio
49928,droga
50009,furto
48196,aggressione
82614,omicidio
1934160,furto
49507,spaccio
48186,spaccio
332692,furto
49320,rapina
49752,rapina
412935,droga
265791,droga
83091,furto
82820,spaccio
49142,droga
332668,droga
49944,furto
363676,spaccio
48899,spaccio
83029,aggressione
49550,truffa
48749,droga
363654,maltrattamento
48683,omicidio
332496,furto
49832,furto
229360,droga
265626,droga
48177,furto
333118,furto
49477,furto
2429945,furto
2736628,droga
50229,rapina
50310,furto
48587,furto
332628,furto
82698,aggressione
332689,furto
49741,aggressione
266001,furto
83109,furto
363452,furto
82548,furto
49622,furto
49035,droga
49819,spaccio
48604,spaccio
82853,furto
332900,droga
48669,furto
284138,sequestro
60549,droga
2898733,aggressione
49353,rapina
50286,droga
400856,droga
332849,rapina
49517,spaccio
1082396,spaccio
332481,sequestro
50339,furto
83264,aggressione
83173,furto
1082269,spaccio
1082413,truffa
2926653,furto
48298,aggressione
332590,furto
363427,spaccio
48591,furto
49078,droga
49698,furto
265900,furto
332742,droga
49712,droga
50026,furto
49180,furto
363646,furto
48206,furto
48731,truffa
48416,droga
305155,furto
60525,furto
48904,aggressione
83094,furto
265654,furto
49732,spaccio
1082257,truffa
2673034,truffa
2702612,furto
1672721,furto
283804,spaccio
49446,rapina
363636,furto
283758,furto
265827,furto
50327,furto
48846,aggressione
48617,furto
333142,rapina
332743,sequestro
332721,spaccio
332845,furto
83317,rapina
83018,furto
333125,spaccio
48410,aggressione
284159,furto
332710,omicidio
49028,aggressione
229387,furto
83139,droga
48351,furto
83210,aggressione
48193,furto
49266,droga
48760,furto
49256,spaccio
48149,droga
283699,furto
363779,truffa
1082293,furto
48688,droga
82695,omicidio
48607,droga
265897,truffa
49979,spaccio
49182,rapina
50073,furto
48264,furto
265888,furto
49846,truffa
283780,furto
50273,droga
332651,rapina
48337,omicidio
305169,furto
284003,truffa
48246,furto
50016,rapina
2502913,spaccio
48524,droga
83027,furto
332672,droga
1771113,furto
265776,droga
48775,droga
265795,furto
82949,furto
265821,droga
49898,furto
48713,omicidio
82797,droga
82960,furto
265826,aggressione
1082322,droga
265871,furto
49070,truffa
283883,aggressione
50245,furto
1082324,furto
49192,furto
48503,rapina
50319,spaccio
49388,spaccio
363606,furto
48925,furto
82757,sequestro
49229,furto
49329,furto
48764,rapina
50258,furto
48141,rapina
50279,sequestro
48751,furto
48278,spaccio
332563,furto
49003,furto
3219514,truffa
50122,furto
48817,furto
332577,rapina
332662,furto
83247,truffa
283714,rapina
2478353,rapina
48998,furto
2767670,furto
283981,aggressione
284166,spaccio
283951,furto
48736,furto
265901,spaccio
83115,furto
284054,omicidio
49926,truffa
82821,furto
49121,rapina
332823,droga
1082326,furto
49439,aggressione
1093504,furto
265817,furto
48999,truffa
265734,rapina
48641,furto
82938,droga
284139,furto
265652,sequestro
49587,spaccio
332477,truffa
2627127,omicidio
48615,furto
49223,droga
82482,omicidio
332780,furto
265983,furto
82606,furto
305187,aggressione
265607,spaccio
82605,furto
284085,truffa
277587,sequestro
1082307,rapina
83137,aggressione
48489,rapina
49345,spaccio
49252,furto
49103,truffa
265930,furto
82985,rapina
400948,aggressione
400933,droga
82611,spaccio
48986,furto
229374,furto
82919,spaccio
82564,furto
363644,droga
82907,furto
305165,spaccio
390709,spaccio
82734,furto
82854,furto
265732,furto
332474,droga
229372,droga
49079,furto
82649,spaccio
50361,maltrattamento
83124,furto
283884,spaccio
2811439,aggressione
60516,furto
400884,furto
48661,furto
48152,truffa
82506,furto
50377,rapina
49459,spaccio
2694054,spaccio
49854,furto
48495,furto
49890,droga
50106,furto
49693,rapina
49495,rapina
48628,furto
1503766,sequestro
363605,rapina
50255,rapina
283880,furto
332535,furto
284023,furto
333030,aggressione
83228,furto
50272,droga
82569,truffa
1626075,spaccio
400889,droga
363618,furto
333080,spaccio
2861116,droga
60509,droga
363532,truffa
332501,droga
82703,rapina
49945,droga
48784,omicidio
49593,furto
363678,furto
48851,rapina
333149,furto
82794,furto
2960430,rapina
48613,rapina
48648,furto
305157,furto
229427,furto
48454,maltrattamento
332800,truffa
363702,aggressione
60556,furto
400958,truffa
363722,furto
48164,rapina
48802,droga
2644463,maltrattamento
2131792,furto
265624,furto
2019849,rapina
48588,furto
49533,furto
49998,aggressione
332821,droga
332875,furto
1082259,furto
284105,spaccio
283781,omicidio
48338,rapina
333087,spaccio
283726,aggressione
265944,violenza sessuale
2034718,droga
49235,droga
363662,furto
332974,rapina
2129550,spaccio
2691579,omicidio
48577,furto
1082343,furto
265937,furto
400861,furto
49739,furto
229364,rapina
50180,rapina
48205,truffa
60547,furto
283586,furto
1082340,omicidio
283777,rapina
48270,furto
363426,furto
1576887,furto
82555,furto
333034,furto
2878170,furto
83063,furto
49012,truffa
49775,furto
48139,evasione
48791,spaccio
50099,furto
83165,rapina
2665145,rapina
284133,rapina
363596,maltrattamento
332688,truffa
83182,furto
82578,spaccio
283638,furto
50113,violenza sessuale
363585,furto
82594,rapina
49006,omicidio
48539,rapina
83323,furto
283585,furto
83140,aggressione
265921,rapina
363818,aggressione
48151,evasione
49535,aggressione
265929,furto
2739981,truffa
2103679,rapina
3239424,furto
363697,aggressione
48234,droga
49473,furto
400941,spaccio
49158,droga
283803,furto
48397,spaccio
412943,rapina
229355,aggressione
363564,furto
363813,furto
283718,truffa
2335704,rapina
229412,rapina
49339,truffa
83023,droga
48790,furto
363563,furto
363482,furto
332639,furto
50238,truffa
49466,furto
283674,sequestro
305194,truffa
50071,furto
82524,aggressione
49286,rapina
49015,spaccio
333007,rapina
48468,furto
333089,truffa
333023,furto
283735,droga
332458,furto
50091,furto
49919,rapina
363397,spaccio
50239,droga
332962,omicidio
284104,truffa
1093490,truffa
82496,furto
50125,spaccio
83301,truffa
48170,droga
49969,droga
48857,rapina
48758,furto
363623,spaccio
49894,aggressione
265693,droga
49138,furto
49556,spaccio
2592766,rapina
49341,furto
50234,spaccio
49680,spaccio
49419,droga
333123,furto
2503413,furto
82953,spaccio
332895,furto
1093500,aggressione
2124473,furto
60468,spaccio
265951,droga
48174,rapina
333003,droga
49066,furto
48712,droga
284014,spaccio
82727,furto
50381,furto
265884,furto
48368,furto
48650,spaccio
265618,furto
332583,rapina
50142,droga
48606,droga
2476849,droga
50064,maltrattamento
363774,rapina
363501,aggressione
229353,rapina
48963,furto
332579,furto
363811,droga
2284365,spaccio
48860,spaccio
265828,spaccio
82922,rapina
48678,omicidio
82978,furto
82687,furto
48555,droga
2978107,furto
2313665,droga
48340,rapina
2640531,droga
332829,rapina
48895,furto
229386,furto
400881,sequestro
48610,droga
1082398,furto
283685,furto
284153,droga
50325,droga
48406,furto
49213,furto
48180,furto
82877,furto
332469,droga
283672,omicidio
363686,truffa
50034,furto
283969,rapina
283994,droga
332627,droga
48744,furto
2629320,furto
49442,droga
82728,spaccio
82802,furto
363405,rapina
363764,truffa
82570,truffa
1082355,sequestro
2311714,furto
82813,furto
60488,droga
49179,furto
48930,furto
400874,furto
333137,furto
284046,droga
82872,furto
83314,furto
400969,rapina
60524,spaccio
50342,furto
1931815,rapina
1747159,spaccio
49230,furto
49643,aggressione
265810,truffa
48460,furto
49599,truffa
400927,spaccio
82545,spaccio
283868,aggressione
49981,rapina
332738,spaccio
1646311,furto
332803,furto
50086,truffa
363577,spaccio
332896,furto
1082362,furto
50164,omicidio
332663,droga
48609,truffa
50063,rapina
332453,sequestro
265695,rapina
50041,rapina
283779,furto
83098,furto
332444,furto
83103,rapina
49699,furto
332708,rapina
49357,droga
50207,furto
332656,furto
82781,furto
50265,furto
363695,rapina
49541,furto
82535,rapina
48888,rapina
265831,furto
332706,furto
82814,spaccio
1082375,aggressione
60557,furto
265766,furto
332844,furto
265818,violenza sessuale
82651,truffa
363522,omicidio
82784,aggressione
49240,droga
277584,droga
283732,sequestro
48345,furto
283720,aggressione
49367,furto
48297,furto
363747,aggressione
83146,droga
1082331,sequestro
363571,aggressione
50211,furto
82622,furto
363544,droga
265697,furto
1082385,furto
333056,aggressione
265840,omicidio
229368,aggressione
332466,droga
1082287,furto
50383,furto
284040,aggressione
49047,spaccio
49966,truffa
82528,rapina
2667420,furto
49227,truffa
265968,furto
229381,rapina
2620576,furto
332450,furto
48997,omicidio
332686,truffa
48711,furto
265737,furto
332796,furto
283793,spaccio
400877,furto
48190,aggressione
49163,droga
283941,droga
49813,furto
3033350,furto
305188,aggressione
48724,droga
332550,omicidio
48191,furto
265781,furto
49169,droga
48767,droga
332473,rapina
82654,evasione
363658,furto
1527819,droga
48723,truffa
50068,spaccio
48569,spaccio
1723602,maltrattamento
50136,furto
363688,droga
332613,spaccio
49639,rapina
48331,droga
1082323,furto
400893,droga
324265,furto
284006,furto
48453,droga
401005,sequestro
48423,furto
363756,furto
50117,rapina
332814,rapina
2867946,furto
363708,furto
49633,aggressione
332957,furto
83014,furto
283909,aggressione
2914762,droga
284015,droga
49385,truffa
265887,furto
400926,droga
49955,furto
50264,furto
48187,furto
363589,sequestro
49410,furto
50176,furto
283613,furto
332937,furto
2851231,furto
305161,truffa
2056754,rapina
2667422,furto
2837967,aggressione
48664,aggressione
50095,furto
82639,droga
284095,spaccio
50053,droga
48502,furto
49036,furto
324264,aggressione
49492,aggressione
49577,spaccio
1082294,droga
49560,rapina
2998200,droga
284157,furto
265745,droga
48824,rapina
82847,furto
60540,furto
48491,spaccio
49108,rapina
2317136,furto
2282898,sequestro
49681,droga
60479,spaccio
82952,droga
363627,furto
283858,truffa
363598,spaccio
265678,furto
49470,aggressione
363470,droga
1082317,furto
50024,spaccio
48634,droga
49991,furto
50070,furto
82746,furto
49207,rapina
333070,furto
48742,furto
48520,droga
50308,rapina
48805,furto
49187,furto
82655,spaccio
49902,furto
50158,spaccio
49184,truffa
49559,spaccio
49882,spaccio
265676,sequestro
229399,spaccio
363672,furto
49222,furto
49869,furto
49494,droga
49043,spaccio
332483,maltrattamento
265600,aggressione
283690,droga
400963,furto
82645,rapina
48984,aggressione
48862,aggressione
82763,furto
690314,furto
332745,rapina
82959,spaccio
284122,furto
265620,spaccio
2540035,spaccio
1048117,spaccio
50030,furto
284146,sequestro
265690,rapina
48535,furto
49982,furto
49426,furto
1093503,furto
283600,rapina
1669329,truffa
332802,furto
332480,furto
50148,rapina
49554,furto
363456,truffa
82713,rapina
83196,furto
2667423,furto
2386051,spaccio
1524450,droga
332542,maltrattamento
2464993,furto
82986,truffa
283703,furto
332650,rapina
48813,droga
305172,truffa
83276,furto
2445113,spaccio
363773,spaccio
332608,furto
332893,droga
48624,rapina
49777,furto
48636,omicidio
48508,furto
50295,furto
332616,aggressione
82764,spaccio
332913,rapina
400864,rapina
82968,truffa
3053196,droga
333000,truffa
82811,droga
82876,spaccio
283684,omicidio
49792,aggressione
1082422,furto
60510,rapina
83188,furto
333107,droga
82588,furto
332551,furto
284210,droga
49255,truffa
49457,furto
49851,aggressione
363656,droga
265907,truffa
265992,furto
48841,furto
82828,furto
332597,furto
333016,droga
48593,omicidio
82643,spaccio
265814,aggressione
400870,furto
332983,droga
82525,aggressione
48975,furto
50013,furto
283597,droga
50066,furto
48632,rapina
48554,aggressione
283834,spaccio
82638,furto
49528,droga
50090,droga
48325,spaccio
